Workbook

Sheet Oylik hajm (Mintaqa)
A1: Code | B1: Klassifikator | C1: Klassifikator_ru | D1: Klassifikator_en | E1: Klassifikator_uzc | F1: 2020-M01 | G1: 2020-M02 | H1: 2020-M03 | I1: 2020-M04 | J1: 2020-M05 | K1: 2020-M06 | L1: 2020-M07 | M1: 2020-M08 | N1: 2020-M09 | O1: 2020-M10 | P1: 2020-M11 | Q1: 2020-M12 | R1: 2021-M01 | S1: 2021-M02 | T1: 2021-M03 | U1: 2021-M04 | V1: 2021-M05 | W1: 2021-M06 | X1: 2021-M07 | Y1: 2021-M08 | Z1: 2021-M09 | AA1: 2021-M10 | AB1: 2021-M11 | AC1: 2021-M12 | AD1: 2022-M01 | AE1: 2022-M02 | AF1: 2022-M03 | AG1: 2022-M04 | AH1: 2022-M05 | AI1: 2022-M06 | AJ1: 2022-M07 | AK1: 2022-M08 | AL1: 2022-M09 | AM1: 2022-M10 | AN1: 2022-M11 | AO1: 2022-M12 | AP1: 2023-M01 | AQ1: 2023-M02 | AR1: 2023-M03 | AS1: 2023-M04 | AT1: 2023-M05 | AU1: 2023-M06 | AV1: 2023-M07 | AW1: 2023-M08 | AX1: 2023-M09 | AY1: 2023-M10 | AZ1: 2023-M11 | BA1: 2023-M12 | BB1: 2024-M01 | BC1: 2024-M02 | BD1: 2024-M03 | BE1: 2024-M04 | BF1: 2024-M05 | BG1: 2024-M06 | BH1: 2024-M07 | BI1: 2024-M08 | BJ1: 2024-M09 | BK1: 2024-M10 | BL1: 2024-M11 | BM1: 2024-M12 | BN1: 2025-M01 | BO1: 2025-M02 | BP1: 2025-M03 | BQ1: 2025-M04 | BR1: 2025-M05 | BS1: 2025-M06 | BT1: 2025-M07 | BU1: 2025-M08 | BV1: 2025-M09 | BW1: 2025-M10 | BX1: 2025-M11 | BY1: 2025-M12 | BZ1: 2026-M01 | CA1: 2026-M02 | CB1: 2026-M03 | CC1: 2026-M04 | CD1: 2026-M05
A2: 1700 | B2: O‘zbekiston Respublikasi | C2: Республика Узбекистан | D2: Republic of Uzbekistan | E2: Ўзбекистон Республикаси | F2: 6306705.9 | G2: 13106287 | H2: 19329162 | I2: 31901677 | J2: 39230652 | K2: 48744278 | L2: 56399746 | M2: 65546159 | N2: 74603486 | O2: 86591182 | P2: 97074716 | Q2: 1.1263957e+08 | R2: 7952739 | S2: 17516172 | T2: 28850293 | U2: 41054588 | V2: 55377219 | W2: 69465068 | X2: 84380223 | Y2: 1.0064194e+08 | Z2: 1.1431051e+08 | AA2: 1.2970769e+08 | AB2: 1.4858747e+08 | AC2: 172790117 | AD2: 9096907.9 | AE2: 21784098 | AF2: 36679695 | AG2: 54286898 | AH2: 78684720 | AI2: 95379001 | AJ2: 1.1352653e+08 | AK2: 1.3462999e+08 | AL2: 1.5227779e+08 | AM2: 1.8218999e+08 | AN2: 2.0709485e+08 | AO2: 2.5844405e+08 | AP2: 10646603 | AQ2: 24643401 | AR2: 41990006 | AS2: 61199907 | AT2: 98063927 | AU2: 1.22459e+08 | AV2: 1.4360487e+08 | AW2: 1.7934641e+08 | AX2: 241588387 | AY2: 2.7611018e+08 | AZ2: 2.587645e+08 | BA2: 3.2044314e+08 | BB2: 26491387 | BC2: 53637163 | BD2: 84826000 | BE2: 1.1764894e+08 | BF2: 1.5492215e+08 | BG2: 1.8602762e+08 | BH2: 216051626 | BI2: 2.534395e+08 | BJ2: 2.9068056e+08 | BK2: 3.3163244e+08 | BL2: 3.7152217e+08 | BM2: 4.5534322e+08 | BN2: 30683176 | BO2: 63177648 | BP2: 98594148 | BQ2: 1.3609825e+08 | BR2: 1.7204449e+08 | BS2: 220639389 | BT2: 2.5603326e+08 | BU2: 301502949 | BV2: 3.4659733e+08 | BW2: 3.9386571e+08 | BX2: 4.4342586e+08 | BY2: 5.4326295e+08 | BZ2: 35382532 | CA2: 73683007 | CB2: 1.0985744e+08 | CC2: 1.558755e+08 | CD2: 2.0936116e+08
A3: 1735 | B3: Qoraqalpog‘iston Respublikasi | C3: Республика Каракалпакстан | D3: Republic of Karakalpakstan | E3: Қорақалпоғистон Республикаси | F3: 112616.2 | G3: 246423.8 | H3: 375165.2 | I3: 544217.6 | J3: 724332.9 | K3: 931636.1 | L3: 1044759.4 | M3: 1168892.1 | N3: 1315779.1 | O3: 1491495.3 | P3: 1638530.5 | Q3: 1851221.3 | R3: 114157.7 | S3: 253083.4 | T3: 410010.8 | U3: 605580 | V3: 822386.3 | W3: 1041448 | X3: 1249451.4 | Y3: 1473574.8 | Z3: 1675474.1 | AA3: 1894720.8 | AB3: 2162163.3 | AC3: 2498473.8 | AD3: 111377.3 | AE3: 277721.1 | AF3: 451139.6 | AG3: 686398 | AH3: 1097936 | AI3: 1185368.9 | AJ3: 1451691.6 | AK3: 1721354.6 | AL3: 1974673.7 | AM3: 2482740.8 | AN3: 2834584.2 | AO3: 3626827 | AP3: 112034.4 | AQ3: 266712.8 | AR3: 472535.9 | AS3: 733464.3 | AT3: 1300115.7 | AU3: 1638970.5 | AV3: 1901300.9 | AW3: 2564416.2 | AX3: 3582035.6 | AY3: 4095191.5 | AZ3: 3394858.3 | BA3: 4334670.2 | BB3: 361264.1 | BC3: 758296.7 | BD3: 1298546.5 | BE3: 1744669.3 | BF3: 2312317.4 | BG3: 2915118.8 | BH3: 3401611.7 | BI3: 3948554.2 | BJ3: 4524711.5 | BK3: 5141966.5 | BL3: 5744781.1 | BM3: 6757015.9 | BN3: 405661.2 | BO3: 869455.8 | BP3: 1465779.4 | BQ3: 1961372.3 | BR3: 2443243.2 | BS3: 3272999.7 | BT3: 3768306.2 | BU3: 4395865.8 | BV3: 5076058.7 | BW3: 5732825.5 | BX3: 6434871.9 | BY3: 7760284.8 | BZ3: 480349.9 | CA3: 970840.9 | CB3: 1415225.3 | CC3: 2128016 | CD3: 2758180.1
A4: 1703 | B4: Andijon viloyati | C4: Андижанская область | D4: Andijan region | E4: Aндижон вилояти | F4: 215167.8 | G4: 474576.1 | H4: 754940.3 | I4: 928487.1 | J4: 1199856 | K4: 1378629.3 | L4: 1582060.3 | M4: 1798259.9 | N4: 2029171.6 | O4: 3275023.7 | P4: 3640209.3 | Q4: 3963295.3 | R4: 254002.3 | S4: 539162.9 | T4: 906932.2 | U4: 1266726.5 | V4: 1772499.5 | W4: 2262212 | X4: 2573354.5 | Y4: 2987159 | Z4: 3353087.6 | AA4: 3403698.7 | AB4: 3876142.7 | AC4: 4528728.7 | AD4: 210584 | AE4: 511322.8 | AF4: 867210.9 | AG4: 1369219.1 | AH4: 1947507.2 | AI4: 2325646.9 | AJ4: 2737401.1 | AK4: 3206203.3 | AL4: 3741450 | AM4: 4373644.8 | AN4: 4961785 | AO4: 6313984.8 | AP4: 231639.4 | AQ4: 515078.2 | AR4: 919101.7 | AS4: 1451701.7 | AT4: 2322334.6 | AU4: 2920090.8 | AV4: 3336429 | AW4: 4591223 | AX4: 7064294.5 | AY4: 8077804.1 | AZ4: 6030219.3 | BA4: 7630253.4 | BB4: 739551.9 | BC4: 1544397.5 | BD4: 2413932 | BE4: 3343246.3 | BF4: 4483150.8 | BG4: 5409854.7 | BH4: 6276784.6 | BI4: 7373934 | BJ4: 8473924.3 | BK4: 9682785.7 | BL4: 10883050 | BM4: 13321324 | BN4: 849101.2 | BO4: 1792743.5 | BP4: 2739755.4 | BQ4: 3763972 | BR4: 4717248.6 | BS4: 6075764.9 | BT4: 7152937.2 | BU4: 8426974.6 | BV4: 9644699.3 | BW4: 10952270 | BX4: 12492463 | BY4: 15024949 | BZ4: 991071.9 | CA4: 2166581.7 | CB4: 3147701.9 | CC4: 4461507 | CD4: 5748091.5
A5: 1706 | B5: Buxoro viloyati | C5: Бухарская область | D5: Bukhara region | E5: Бухоро вилояти | F5: 138212.5 | G5: 295167.7 | H5: 499654.6 | I5: 1059982.2 | J5: 1390984.5 | K5: 1586338.6 | L5: 1736646.1 | M5: 1996838.8 | N5: 2241768 | O5: 2406088 | P5: 2701138.2 | Q5: 3717299.8 | R5: 380778.6 | S5: 829222.1 | T5: 1252116.2 | U5: 1808156.4 | V5: 2701200.9 | W5: 3292129.6 | X5: 3957460.1 | Y5: 4625324.7 | Z5: 5158013.8 | AA5: 5853728.1 | AB5: 6693109.9 | AC5: 6689365.6 | AD5: 428510.4 | AE5: 1063797.3 | AF5: 1915940.3 | AG5: 3137860.5 | AH5: 3977004.5 | AI5: 6345876.6 | AJ5: 7117402.4 | AK5: 7756282.8 | AL5: 8212558.3 | AM5: 9658653.2 | AN5: 10844140 | AO5: 13450873 | AP5: 520880.5 | AQ5: 1289787.8 | AR5: 2206585.9 | AS5: 3544157.9 | AT5: 4781659.4 | AU5: 6160560.5 | AV5: 7273818.7 | AW5: 7595369.9 | AX5: 10297093 | AY5: 11709776 | AZ5: 12858947 | BA5: 15929220 | BB5: 982947.6 | BC5: 1923086.7 | BD5: 3679397.2 | BE5: 4883857.2 | BF5: 6206395.7 | BG5: 7319829.8 | BH5: 8416141.6 | BI5: 9880511.2 | BJ5: 11521079 | BK5: 12955479 | BL5: 14445451 | BM5: 18023860 | BN5: 1138789.5 | BO5: 2299702.4 | BP5: 4503124.4 | BQ5: 5834492.9 | BR5: 7130718.4 | BS5: 8800354 | BT5: 10067353 | BU5: 11799185 | BV5: 13827556 | BW5: 15445566 | BX5: 17273240 | BY5: 20996950 | BZ5: 1396865 | CA5: 2960935.3 | CB5: 4867680.5 | CC5: 6611988.6 | CD5: 8270260.8
A6: 1708 | B6: Jizzax viloyati | C6: Джизакская область | D6: Jizzakh region | E6: Жиззах вилояти | F6: 134797.6 | G6: 285050.8 | H6: 440631.5 | I6: 657425.5 | J6: 802113.2 | K6: 956399.5 | L6: 1070335.5 | M6: 1214846 | N6: 1367039.9 | O6: 1512828.3 | P6: 1731547.5 | Q6: 2148982.4 | R6: 102534.6 | S6: 228498.7 | T6: 378302.8 | U6: 549260.7 | V6: 719138.5 | W6: 970462 | X6: 1173879.5 | Y6: 1389424.8 | Z6: 1611017.8 | AA6: 1825381.3 | AB6: 2064137 | AC6: 2279863.1 | AD6: 97269.3 | AE6: 264178.3 | AF6: 445123.4 | AG6: 661586.9 | AH6: 1030190 | AI6: 1139366.4 | AJ6: 1389598.2 | AK6: 1682167.9 | AL6: 1944388.7 | AM6: 2435280.9 | AN6: 2760903.3 | AO6: 3522258 | AP6: 105654.4 | AQ6: 230275 | AR6: 407606.5 | AS6: 621873 | AT6: 1152040.8 | AU6: 1520901.4 | AV6: 1761638 | AW6: 1588404.8 | AX6: 2111132.7 | AY6: 2196455.4 | AZ6: 3278948.6 | BA6: 4154987.5 | BB6: 351706.1 | BC6: 710710 | BD6: 997576.1 | BE6: 1434264.1 | BF6: 1972351.3 | BG6: 2255338.6 | BH6: 2623123.6 | BI6: 3113988.4 | BJ6: 3328232.8 | BK6: 3892302.9 | BL6: 4395896.5 | BM6: 5539755.6 | BN6: 436681.4 | BO6: 863771 | BP6: 1168897.4 | BQ6: 1672479.7 | BR6: 2518638.2 | BS6: 3149347.7 | BT6: 3947934.2 | BU6: 4791001 | BV6: 3727702.4 | BW6: 4418532.6 | BX6: 4929835.2 | BY6: 6402315.6 | BZ6: 382415.6 | CA6: 427806.4 | CB6: 1043254 | CC6: 1792309.5 | CD6: 2835685.7
A7: 1710 | B7: Qashqadaryo viloyati | C7: Кашкадарьинская область | D7: Kashkadarya region | E7: Қашқадарё вилояти | F7: 174263.9 | G7: 333917.9 | H7: 544334.7 | I7: 797423.3 | J7: 950578 | K7: 1207894.8 | L7: 1333586.5 | M7: 1570853.5 | N7: 1770234.4 | O7: 2181827.9 | P7: 2435543.3 | Q7: 2708148.5 | R7: 186448.9 | S7: 425352.7 | T7: 687131.6 | U7: 1019671.1 | V7: 1305662.1 | W7: 1640747 | X7: 2011434.9 | Y7: 2359466.7 | Z7: 2665378.5 | AA7: 3078689.6 | AB7: 3488703.6 | AC7: 3835805.5 | AD7: 202349.7 | AE7: 457665.7 | AF7: 741669.4 | AG7: 1109535.5 | AH7: 1731353 | AI7: 1932783.2 | AJ7: 2426153.3 | AK7: 2873073 | AL7: 3243945.7 | AM7: 4324401.5 | AN7: 4859954.8 | AO7: 6158340.7 | AP7: 210991 | AQ7: 498343.4 | AR7: 834282.8 | AS7: 1251473.6 | AT7: 2075335.9 | AU7: 2689268.3 | AV7: 3238802.6 | AW7: 3565098.1 | AX7: 4766609.1 | AY7: 5418251.4 | AZ7: 5726998.2 | BA7: 7256772 | BB7: 477138.8 | BC7: 986403.4 | BD7: 1600122.4 | BE7: 2216031.7 | BF7: 2899373.1 | BG7: 3530012.2 | BH7: 4097135.3 | BI7: 4819801 | BJ7: 5516527 | BK7: 6426566.1 | BL7: 7198646.8 | BM7: 8844519.6 | BN7: 534700.2 | BO7: 1122301 | BP7: 1780610.1 | BQ7: 2459646.2 | BR7: 3140423 | BS7: 4095599 | BT7: 4752827.3 | BU7: 5533079.7 | BV7: 6406407 | BW7: 7328932.6 | BX7: 8286283.5 | BY7: 10159700 | BZ7: 633983 | CA7: 1468924.2 | CB7: 3145076.2 | CC7: 3005125.4 | CD7: 3933506
A8: 1712 | B8: Navoiy viloyati | C8: Навоийская область | D8: Navoi region | E8: Навоий вилояти | F8: 94722.6 | G8: 213998.4 | H8: 364844.8 | I8: 510884.4 | J8: 662636.4 | K8: 753414.7 | L8: 886808.5 | M8: 1002036.5 | N8: 1143065.2 | O8: 1292324.4 | P8: 1447703.9 | Q8: 1611664.7 | R8: 98361.2 | S8: 217512.5 | T8: 362751.4 | U8: 530047.1 | V8: 725876.4 | W8: 911151.5 | X8: 1116808.1 | Y8: 1344557.7 | Z8: 1534711.5 | AA8: 1742834.9 | AB8: 1991316.2 | AC8: 2280102.6 | AD8: 78961 | AE8: 255509.1 | AF8: 437043.3 | AG8: 660145.3 | AH8: 833264.7 | AI8: 1153572.4 | AJ8: 1451391 | AK8: 1757408.6 | AL8: 2006093.3 | AM8: 2159611.4 | AN8: 2635585.1 | AO8: 3284291.5 | AP8: 73353.5 | AQ8: 219435.6 | AR8: 398037.8 | AS8: 601840.7 | AT8: 1012185.4 | AU8: 1310590.1 | AV8: 1564987 | AW8: 2030960 | AX8: 2633564.5 | AY8: 3026617.4 | AZ8: 2941422.6 | BA8: 3740707.1 | BB8: 250305.6 | BC8: 556039.9 | BD8: 857119.5 | BE8: 1207462.5 | BF8: 1595111.9 | BG8: 1910646.6 | BH8: 2284369 | BI8: 2691257.4 | BJ8: 3051173.2 | BK8: 3467624.1 | BL8: 3888416.5 | BM8: 4852736.5 | BN8: 314077.2 | BO8: 673476 | BP8: 1013806.7 | BQ8: 1425981.1 | BR8: 1738487 | BS8: 2318013.4 | BT8: 2742068 | BU8: 3162693.9 | BV8: 3579720.4 | BW8: 4049043.7 | BX8: 4500159.9 | BY8: 5584267.8 | BZ8: 347693.3 | CA8: 708497.9 | CB8: 743549 | CC8: 1689806.1 | CD8: 2191991.6
A9: 1714 | B9: Namangan viloyati | C9: Наманганская область | D9: Namangan region | E9: Наманган вилояти | F9: 123497.4 | G9: 347501 | H9: 479998.3 | I9: 860310 | J9: 1186465.7 | K9: 1484602.5 | L9: 2008415.7 | M9: 2191672.4 | N9: 2420466.8 | O9: 2867055.5 | P9: 3144804.2 | Q9: 3450087.9 | R9: 290539.4 | S9: 641877.8 | T9: 1106126.2 | U9: 1641932.7 | V9: 2129961.7 | W9: 2686799.7 | X9: 3247082 | Y9: 3841696.8 | Z9: 4270786.3 | AA9: 4989621.7 | AB9: 5647181.4 | AC9: 6461823.6 | AD9: 338865.1 | AE9: 817776.3 | AF9: 1365252.7 | AG9: 2147405 | AH9: 3063661.4 | AI9: 3695204.1 | AJ9: 4381407.5 | AK9: 5287122 | AL9: 6000296.9 | AM9: 6783782.4 | AN9: 7654843.7 | AO9: 9457737.8 | AP9: 397539.5 | AQ9: 950422.1 | AR9: 1671881.1 | AS9: 2409429.1 | AT9: 3711399.7 | AU9: 4653251.4 | AV9: 5336144.5 | AW9: 6703443.3 | AX9: 9785869.9 | AY9: 11166839 | AZ9: 9334388.8 | BA9: 11700472 | BB9: 1060198.3 | BC9: 2117858.3 | BD9: 3330531 | BE9: 4795162.3 | BF9: 6314328.4 | BG9: 7536219.9 | BH9: 8730452.9 | BI9: 10242536 | BJ9: 11649240 | BK9: 13243326 | BL9: 14928723 | BM9: 18548384 | BN9: 1214791.8 | BO9: 2522286.9 | BP9: 4003528.7 | BQ9: 5653870.2 | BR9: 7247733.6 | BS9: 9148027.7 | BT9: 10597127 | BU9: 12443145 | BV9: 14263052 | BW9: 15954001 | BX9: 17916762 | BY9: 22389809 | BZ9: 1423363.6 | CA9: 3279121.2 | CB9: 4971324.9 | CC9: 6136136.9 | CD9: 8152661.4
A10: 1718 | B10: Samarqand viloyati | C10: Самаркандская область | D10: Samarkand region | E10: Самарқанд вилояти | F10: 452022.1 | G10: 959794.5 | H10: 1389901.9 | I10: 2267241.2 | J10: 2912132.2 | K10: 3453114.2 | L10: 3995177.7 | M10: 4745699.9 | N10: 5048952.1 | O10: 5763087.2 | P10: 6401480.3 | Q10: 6886257.1 | R10: 452526.2 | S10: 1018095.2 | T10: 1835205 | U10: 2537550.3 | V10: 3234537.1 | W10: 3975032.6 | X10: 4781510.8 | Y10: 5640636.2 | Z10: 6433970.2 | AA10: 7482788.7 | AB10: 8515606.8 | AC10: 9806773.7 | AD10: 452266.6 | AE10: 1131409.6 | AF10: 1947225.8 | AG10: 2852083.2 | AH10: 3855852 | AI10: 4824557.2 | AJ10: 5938975.2 | AK10: 6913358.3 | AL10: 7888893.7 | AM10: 9088334.6 | AN10: 10334676 | AO10: 12954120 | AP10: 582964.6 | AQ10: 1413002.7 | AR10: 2458546.7 | AS10: 3471598.3 | AT10: 4934056.5 | AU10: 6093686.1 | AV10: 7274971.8 | AW10: 10661456 | AX10: 13322360 | AY10: 15622858 | AZ10: 13609543 | BA10: 17107137 | BB10: 1488494.8 | BC10: 3245135.2 | BD10: 5074160.9 | BE10: 7149153 | BF10: 9326349.9 | BG10: 11340658 | BH10: 13254204 | BI10: 15580983 | BJ10: 17917986 | BK10: 20454623 | BL10: 22910110 | BM10: 27235626 | BN10: 1805610 | BO10: 3955184.7 | BP10: 5977990.8 | BQ10: 8165225.4 | BR10: 10442356 | BS10: 13547751 | BT10: 16019844 | BU10: 18900825 | BV10: 21847990 | BW10: 24763006 | BX10: 27779061 | BY10: 33312846 | BZ10: 2268737 | CA10: 5076070.7 | CB10: 7610432 | CC10: 9841704.7 | CD10: 12386400
A11: 1722 | B11: Surxondaryo viloyati | C11: Сурхандарьинская область | D11: Surkhandarya region | E11: Сурхондарё вилояти | F11: 182206.2 | G11: 420753.6 | H11: 640848 | I11: 909040.1 | J11: 1134725.5 | K11: 1378456.1 | L11: 1490242.7 | M11: 1704810.7 | N11: 1887815.6 | O11: 2326220.4 | P11: 2652498.4 | Q11: 2979626.6 | R11: 164251.3 | S11: 365256.9 | T11: 602591.3 | U11: 851552 | V11: 1108942.8 | W11: 1467150.1 | X11: 1771706.3 | Y11: 2214290 | Z11: 2495154.1 | AA11: 2820640.7 | AB11: 3218649.4 | AC11: 3557744.5 | AD11: 191607.1 | AE11: 425733.2 | AF11: 718733.8 | AG11: 1048923.8 | AH11: 1646750.8 | AI11: 2041819.9 | AJ11: 2452367 | AK11: 2939339.9 | AL11: 3390160.6 | AM11: 4113962.9 | AN11: 4619493.2 | AO11: 5767057.5 | AP11: 198208.9 | AQ11: 448827.2 | AR11: 803390.7 | AS11: 1148279.9 | AT11: 1872385.4 | AU11: 2550512 | AV11: 2967230 | AW11: 3486433.6 | AX11: 5816578.8 | AY11: 6770753.8 | AZ11: 5348472.9 | BA11: 6724312.3 | BB11: 599302.1 | BC11: 1241451.7 | BD11: 1972309.4 | BE11: 2782231.4 | BF11: 3663145.3 | BG11: 4151818.2 | BH11: 4803620 | BI11: 5657462.9 | BJ11: 6494188 | BK11: 7403447.7 | BL11: 8296491.4 | BM11: 10969383 | BN11: 670905.3 | BO11: 1423412.9 | BP11: 2226894.3 | BQ11: 3087564.2 | BR11: 3610981.3 | BS11: 4917476.2 | BT11: 5607672.8 | BU11: 6565937.4 | BV11: 7549985.8 | BW11: 8530991.8 | BX11: 9599133.9 | BY11: 11840977 | BZ11: 699940.5 | CA11: 1464593.9 | CB11: 1820020.5 | CC11: 3095137.5 | CD11: 4133256.7
A12: 1724 | B12: Sirdaryo viloyati | C12: Сырдарьинская область | D12: Syrdarya region | E12: Сирдарё вилояти | F12: 106286.2 | G12: 211184.1 | H12: 316917.5 | I12: 628918.3 | J12: 727406.2 | K12: 956519.1 | L12: 1059394 | M12: 1281122.8 | N12: 1448858.4 | O12: 1621187.1 | P12: 1841203.1 | Q12: 2049244.2 | R12: 105322.4 | S12: 236564.6 | T12: 399383.3 | U12: 589505.8 | V12: 780292.8 | W12: 986004.5 | X12: 1195774.5 | Y12: 1422870.4 | Z12: 1615966.8 | AA12: 1856599.9 | AB12: 2149759.1 | AC12: 2506060.3 | AD12: 106991.6 | AE12: 269045.4 | AF12: 456755.1 | AG12: 669140.3 | AH12: 1009355.4 | AI12: 1133778.6 | AJ12: 1404245.1 | AK12: 1666291.9 | AL12: 1899975.3 | AM12: 2351228.7 | AN12: 2812994.6 | AO12: 3530745 | AP12: 90516.1 | AQ12: 262662.3 | AR12: 495843 | AS12: 734146 | AT12: 1198199.5 | AU12: 1515983.1 | AV12: 1766658.4 | AW12: 2583838.1 | AX12: 3634660.5 | AY12: 4117161.3 | AZ12: 3303971.4 | BA12: 4153559.8 | BB12: 368827.6 | BC12: 767149.2 | BD12: 1203775.9 | BE12: 1652461.3 | BF12: 2179899.5 | BG12: 2729916.4 | BH12: 3158604.1 | BI12: 3700280.4 | BJ12: 4247985 | BK12: 4860386.1 | BL12: 5467773.7 | BM12: 6671402.6 | BN12: 418932.9 | BO12: 950074.4 | BP12: 1433115.1 | BQ12: 1956883.3 | BR12: 2562768.3 | BS12: 3267081.2 | BT12: 3793371 | BU12: 4425533.8 | BV12: 5118217.9 | BW12: 5829838.3 | BX12: 6495963.6 | BY12: 8062852.5 | BZ12: 477290.2 | CA12: 1045465.2 | CB12: 1280202.4 | CC12: 2177302.3 | CD12: 2884880.6
A13: 1727 | B13: Toshkent viloyati | C13: Ташкентская область | D13: Tashkent region | E13: Тошкент вилояти | F13: 647837.2 | G13: 1288631.8 | H13: 1839902.3 | I13: 3014879.8 | J13: 3684739.8 | K13: 4421391.7 | L13: 4920582 | M13: 5538501.7 | N13: 6220994.8 | O13: 7037344.2 | P13: 8219683.6 | Q13: 9544531.5 | R13: 646246.2 | S13: 1375019.1 | T13: 2239177.3 | U13: 3212302.1 | V13: 4284631.7 | W13: 5444755.3 | X13: 6644812.5 | Y13: 7960131.1 | Z13: 9188664.6 | AA13: 10441627 | AB13: 11908724 | AC13: 13810649 | AD13: 657386.8 | AE13: 1587387.8 | AF13: 2582363.6 | AG13: 3949561.5 | AH13: 7933349.4 | AI13: 7020080.1 | AJ13: 8467595.7 | AK13: 10159399 | AL13: 11618811 | AM13: 18404416 | AN13: 20803953 | AO13: 25982338 | AP13: 984538.7 | AQ13: 2225016.6 | AR13: 3343616.5 | AS13: 4615138.6 | AT13: 9766434.3 | AU13: 12139122 | AV13: 13896945 | AW13: 19010593 | AX13: 26614671 | AY13: 30404411 | AZ13: 24655561 | BA13: 30256930 | BB13: 3032182.3 | BC13: 5966619.6 | BD13: 9372562.6 | BE13: 13371837 | BF13: 17525564 | BG13: 21262820 | BH13: 24799691 | BI13: 28916120 | BJ13: 33291418 | BK13: 37960573 | BL13: 42581310 | BM13: 52714452 | BN13: 3644673.3 | BO13: 7287331 | BP13: 11269264 | BQ13: 15762958 | BR13: 20294934 | BS13: 25748280 | BT13: 29411439 | BU13: 34715056 | BV13: 39977721 | BW13: 45691398 | BX13: 50981894 | BY13: 64336946 | BZ13: 4328210.4 | CA13: 8597593.1 | CB13: 14598253 | CC13: 18671723 | CD13: 23085507
... A16: 1726 | B16: Toshkent shahri | C16: город Ташкент | D16: Tashkent city | E16: Тошкент шаҳри | F16: 3394339.9 | G16: 6935349 | H16: 10041992 | I16: 16870767 | J16: 20429557 | K16: 26100794 | L16: 30569516 | M16: 36024730 | N16: 41661317 | O16: 47933682 | P16: 53520197 | Q16: 62519083 | R16: 4519737.5 | S16: 9958792.5 | T16: 16249264 | U16: 22921973 | V16: 31192504 | W16: 39014098 | X16: 47550368 | Y16: 56962174 | Z16: 64738434 | AA16: 73573415 | AB16: 84591651 | AC16: 1.0039464e+08 | AD16: 5520534.9 | AE16: 13040951 | AF16: 21888774 | AG16: 31768858 | AH16: 43834188 | AI16: 55377831 | AJ16: 65562563 | AK16: 78166149 | AL16: 88479841 | AM16: 1.0062955e+08 | AN16: 1.1453247e+08 | AO16: 1.4235408e+08 | AP16: 6361270.1 | AQ16: 14470004 | AR16: 24697425 | AS16: 35755062 | AT16: 55767337 | AU16: 68965087 | AV16: 81488254 | AW16: 1.0076152e+08 | AX16: 1.3365563e+08 | AY16: 1.5255254e+08 | AZ16: 1.4737473e+08 | BA16: 180924240 | BB16: 14861789 | BC16: 29536171 | BD16: 46135485 | BE16: 64178839 | BF16: 84790132 | BG16: 1.011392e+08 | BH16: 1.1744807e+08 | BI16: 1.3791276e+08 | BJ16: 1.5816789e+08 | BK16: 1.8044778e+08 | BL16: 2.0187256e+08 | BM16: 2.4709945e+08 | BN16: 16998936 | BO16: 34500420 | BP16: 53391285 | BQ16: 74175203 | BR16: 92860213 | BS16: 1.1941197e+08 | BT16: 1.3859153e+08 | BU16: 1.633255e+08 | BV16: 1.8899646e+08 | BW16: 2.147548e+08 | BX16: 2.4260336e+08 | BY16: 2.9484235e+08 | BZ16: 19260255 | CA16: 38977023 | CB16: 52571127 | CC16: 82947752 | CD16: 1.1636512e+08

Sheet Yillik hajm
A1: Code | B1: Klassifikator | C1: Klassifikator_ru | D1: Klassifikator_en | E1: Klassifikator_uzc | F1: 2010 | G1: 2011 | H1: 2012 | I1: 2013 | J1: 2014 | K1: 2015 | L1: 2016 | M1: 2017 | N1: 2018 | O1: 2019 | P1: 2020 | Q1: 2021 | R1: 2022 | S1: 2023 | T1: 2024
A2: 1700 | B2: O‘zbekiston Respublikasi | C2: Республика Узбекистан | D2: Republic of Uzbekistan | E2: Ўзбекистон Республикаси | F2: 11774100 | G2: 15476700 | H2: 18018800 | I2: 22001677 | J2: 25512624 | K2: 29156202 | L2: 35396463 | M2: 38799693 | N2: 57481980 | O2: 86538274 | P2: 1.2874174e+08 | Q2: 1.8311228e+08 | R2: 2.5844405e+08 | S2: 3.8559191e+08 | T2: 456623261
A3: 1735 | B3: Qoraqalpog‘iston Respublikasi | C3: Республика Каракалпакстан | D3: Republic of Karakalpakstan | E3: Қорақалпоғистон Республикаси | F3: 292400 | G3: 446300 | H3: 474600 | I3: 463035 | J3: 562131.2 | K3: 683698.5 | L3: 709733 | M3: 800620.6 | N3: 1231804.5 | O3: 1607346.7 | P3: 2113941.8 | Q3: 2402092.1 | R3: 3626827 | S3: 5743073 | T3: 6757340.3
A4: 1703 | B4: Andijon viloyati | C4: Андижанская область | D4: Andijan region | E4: Aндижон вилояти | F4: 428100 | G4: 727000 | H4: 738100 | I4: 831688.1 | J4: 993355.5 | K4: 1132756.6 | L4: 1149951.4 | M4: 1243050.5 | N4: 2288336.2 | O4: 2436753.9 | P4: 3719177.6 | Q4: 4283896.8 | R4: 6313984.8 | S4: 11517876 | T4: 13235128
A5: 1706 | B5: Buxoro viloyati | C5: Бухарская область | D5: Bukhara region | E5: Бухоро вилояти | F5: 444800 | G5: 661400 | H5: 773400 | I5: 890285.5 | J5: 1185739.1 | K5: 1298777.1 | L5: 1490571.9 | M5: 1537772.9 | N5: 1809226.2 | O5: 3112333.8 | P5: 4587610.3 | Q5: 6991633.9 | R5: 13450873 | S5: 16024848 | T5: 17819676
A6: 1708 | B6: Jizzax viloyati | C6: Джизакская область | D6: Jizzakh region | E6: Жиззах вилояти | F6: 225400 | G6: 352300 | H6: 354600 | I6: 375079 | J6: 473449.3 | K6: 516437.3 | L6: 597286 | M6: 752103.9 | N6: 1641746.5 | O6: 2198747.1 | P6: 2213252.1 | Q6: 2289120 | R6: 3522258 | S6: 3552448 | T6: 5664338.5
A7: 1710 | B7: Qashqadaryo viloyati | C7: Кашкадарьинская область | D7: Kashkadarya region | E7: Қашқадарё вилояти | F7: 475300 | G7: 729100 | H7: 873100 | I7: 1180084.2 | J7: 1420362.6 | K7: 1530712.1 | L7: 1812925.1 | M7: 1807868.3 | N7: 2331638.6 | O7: 2707171.5 | P7: 3061049.4 | Q7: 3767950.7 | R7: 6158340.7 | S7: 7592725.7 | T7: 8949146.7
A8: 1712 | B8: Navoiy viloyati | C8: Навоийская область | D8: Navoi region | E8: Навоий вилояти | F8: 389700 | G8: 463400 | H8: 448600 | I8: 472122.5 | J8: 624723.4 | K8: 501399.3 | L8: 591061 | M8: 676809.3 | N8: 1659416.5 | O8: 1840064.3 | P8: 1876174.4 | Q8: 2025804.9 | R8: 3284291.5 | S8: 4294889.7 | T8: 4868652.9
A9: 1714 | B9: Namangan viloyati | C9: Наманганская область | D9: Namangan region | E9: Наманган вилояти | F9: 411300 | G9: 725400 | H9: 713200 | I9: 786869.2 | J9: 853034.6 | K9: 1015798.4 | L9: 1224563.8 | M9: 1506647.5 | N9: 1607146.1 | O9: 2687108.3 | P9: 5005054.3 | Q9: 7168668.1 | R9: 9457737.8 | S9: 16090212 | T9: 18952290
A10: 1718 | B10: Samarqand viloyati | C10: Самаркандская область | D10: Samarkand region | E10: Самарқанд вилояти | F10: 780200 | G10: 1112000 | H10: 1296200 | I10: 1430251.6 | J10: 1723435 | K10: 2043502.4 | L10: 2759436.4 | M10: 2876716.9 | N10: 3740117.7 | O10: 5445351.1 | P10: 7041585.5 | Q10: 9316221.2 | R10: 12954120 | S10: 22311416 | T10: 27742480
A11: 1722 | B11: Surxondaryo viloyati | C11: Сурхандарьинская область | D11: Surkhandarya region | E11: Сурхондарё вилояти | F11: 335600 | G11: 428400 | H11: 530500 | I11: 649445.9 | J11: 800366.7 | K11: 841183 | L11: 1151127 | M11: 1523574.2 | N11: 2029449.4 | O11: 2559212.2 | P11: 3923768.9 | Q11: 5079342.8 | R11: 5767057.5 | S11: 9769005 | T11: 10689931
A12: 1724 | B12: Sirdaryo viloyati | C12: Сырдарьинская область | D12: Syrdarya region | E12: Сирдарё вилояти | F12: 195100 | G12: 317400 | H12: 399400 | I12: 458924 | J12: 499162.5 | K12: 619164.2 | L12: 800471.2 | M12: 872092.1 | N12: 1199213.2 | O12: 2072187.6 | P12: 2157716.2 | Q12: 2646445.8 | R12: 3530745 | S12: 5778775.3 | T12: 6843396.1
A13: 1727 | B13: Toshkent viloyati | C13: Ташкентская область | D13: Tashkent region | E13: Тошкент вилояти | F13: 1653000 | G13: 2111800 | H13: 2126200 | I13: 2548530 | J13: 3371648.2 | K13: 3403221.9 | L13: 4092934 | M13: 3950100.5 | N13: 5718607.2 | O13: 8612075.2 | P13: 12039270 | Q13: 14302090 | R13: 25982338 | S13: 42677897 | T13: 53394902
... A16: 1726 | B16: Toshkent shahri | C16: город Ташкент | D16: Tashkent city | E16: Тошкент шаҳри | F16: 5067700 | G16: 5941600 | H16: 7565300 | I16: 9949775.4 | J16: 10853258 | K16: 12989887 | L16: 16078983 | M16: 17960497 | N16: 26659772 | O16: 43367525 | P16: 69991603 | Q16: 1.0785125e+08 | R16: 1.4235408e+08 | S16: 2.1046731e+08 | T16: 2.4575401e+08

Sheet Yillik indeks
A1: Code | B1: Klassifikator | C1: Klassifikator_ru | D1: Klassifikator_en | E1: Klassifikator_uzc | F1: 2010 | G1: 2011 | H1: 2012 | I1: 2013 | J1: 2014 | K1: 2015 | L1: 2016 | M1: 2017 | N1: 2018 | O1: 2019 | P1: 2020 | Q1: 2021 | R1: 2022 | S1: 2023 | T1: 2024
A2: 1700 | B2: O‘zbekiston Respublikasi | C2: Республика Узбекистан | D2: Republic of Uzbekistan | E2: Ўзбекистон Республикаси | F2: 125.6 | G2: 114.6 | H2: 115.4 | I2: 109.1 | J2: 110.1 | K2: 107.4 | L2: 112.3 | M2: 94 | N2: 124.7 | O2: 131.7 | P2: 130.9 | Q2: 127.4 | R2: 125.1 | S2: 115.6 | T2: 111.8
A3: 1735 | B3: Qoraqalpog‘iston Respublikasi | C3: Республика Каракалпакстан | D3: Republic of Karakalpakstan | E3: Қорақалпоғистон Республикаси | F3: 122.2 | G3: 127.5 | H3: 86.9 | I3: 84.7 | J3: 120.2 | K3: 114.1 | L3: 96.3 | M3: 96.6 | N3: 129.4 | O3: 115.4 | P3: 116.3 | Q3: 102.6 | R3: 133.4 | S3: 118 | T3: 111.8
A4: 1703 | B4: Andijon viloyati | C4: Андижанская область | D4: Andijan region | E4: Aндижон вилояти | F4: 107.9 | G4: 135.3 | H4: 79.8 | I4: 100.5 | J4: 110.3 | K4: 105.7 | L4: 93.8 | M4: 92.2 | N4: 153.7 | O4: 94.4 | P4: 135.1 | Q4: 103.9 | R4: 130.5 | S4: 124.3 | T4: 108.6
A5: 1706 | B5: Buxoro viloyati | C5: Бухарская область | D5: Bukhara region | E5: Бухоро вилояти | F5: 125.9 | G5: 114.9 | H5: 104.6 | I5: 100.4 | J5: 125 | K5: 104.2 | L5: 105.5 | M5: 88.8 | N5: 100 | O5: 150.5 | P5: 129.1 | Q5: 137.7 | R5: 170.7 | S5: 92.8 | T5: 105.3
A6: 1708 | B6: Jizzax viloyati | C6: Джизакская область | D6: Jizzakh region | E6: Жиззах вилояти | F6: 112.8 | G6: 121.2 | H6: 84.2 | I6: 93.8 | J6: 115.2 | K6: 104.4 | L6: 106.2 | M6: 107.2 | N6: 185.5 | O6: 118.3 | P6: 88.8 | Q6: 92.6 | R6: 136.7 | S6: 81.9 | T6: 150.5
A7: 1710 | B7: Qashqadaryo viloyati | C7: Кашкадарьинская область | D7: Kashkadarya region | E7: Қашқадарё вилояти | F7: 116.7 | G7: 123.4 | H7: 121.3 | I7: 119.6 | J7: 113 | K7: 101.1 | L7: 110.2 | M7: 86.5 | N7: 108.5 | O7: 101.8 | P7: 98.8 | Q7: 110.7 | R7: 145 | S7: 98.5 | T7: 111.3
A8: 1712 | B8: Navoiy viloyati | C8: Навоийская область | D8: Navoi region | E8: Навоий вилояти | F8: 87.5 | G8: 163.6 | H8: 139 | I8: 93.3 | J8: 119 | K8: 75.2 | L8: 109.6 | M8: 97.7 | N8: 207.7 | O8: 97.6 | P8: 91.8 | Q8: 97.3 | R8: 143.1 | S8: 106.2 | T8: 106.6
A9: 1714 | B9: Namangan viloyati | C9: Наманганская область | D9: Namangan region | E9: Наманган вилояти | F9: 100.8 | G9: 156.5 | H9: 74.8 | I9: 96.5 | J9: 105.6 | K9: 113 | L9: 110.8 | M9: 105.5 | N9: 90.3 | O9: 145.3 | P9: 165.1 | Q9: 129 | R9: 117.2 | S9: 122.4 | T9: 111.3
A10: 1718 | B10: Samarqand viloyati | C10: Самаркандская область | D10: Samarkand region | E10: Самарқанд вилояти | F10: 127.4 | G10: 119.9 | H10: 93.2 | I10: 99.2 | J10: 112.3 | K10: 110 | L10: 124.1 | M10: 89.5 | N10: 110.2 | O10: 126.2 | P10: 115.5 | Q10: 118.3 | R10: 123.8 | S10: 144.6 | T10: 117.3
A11: 1722 | B11: Surxondaryo viloyati | C11: Сурхандарьинская область | D11: Surkhandarya region | E11: Сурхондарё вилояти | F11: 103.6 | G11: 99.6 | H11: 202.6 | I11: 106.8 | J11: 112.3 | K11: 99.4 | L11: 126.4 | M11: 112 | N11: 111.7 | O11: 111.5 | P11: 136.2 | Q11: 116.8 | R11: 100.2 | S11: 105.5 | T11: 103.2
A12: 1724 | B12: Sirdaryo viloyati | C12: Сырдарьинская область | D12: Syrdarya region | E12: Сирдарё вилояти | F12: 151.3 | G12: 122 | H12: 114.6 | I12: 101.4 | J12: 98.4 | K12: 117.1 | L12: 119.7 | M12: 93.1 | N12: 115 | O12: 152.5 | P12: 91.2 | Q12: 110.6 | R12: 118.1 | S12: 123.1 | T12: 112
A13: 1727 | B13: Toshkent viloyati | C13: Ташкентская область | D13: Tashkent region | E13: Тошкент вилояти | F13: 155.2 | G13: 112.5 | H13: 95.3 | I13: 108.4 | J13: 125.6 | K13: 95.3 | L13: 110.8 | M13: 83.1 | N13: 122.1 | O13: 130.7 | P13: 123.3 | Q13: 105.7 | R13: 161.1 | S13: 123.1 | T13: 117.8
... A16: 1726 | B16: Toshkent shahri | C16: город Ташкент | D16: Tashkent city | E16: Тошкент шаҳри | F16: 124.9 | G16: 102.4 | H16: 141 | I16: 120.6 | J16: 106.2 | K16: 112.8 | L16: 114.4 | M16: 95.8 | N16: 124.3 | O16: 142.1 | P16: 138.6 | Q16: 135.5 | R16: 117 | S16: 114.7 | T16: 109.3

Sheet Oylik indeks(mintaqa)
A1: Code | B1: Klassifikator | C1: Klassifikator_ru | D1: Klassifikator_en | E1: Klassifikator_uzc | F1: 2020-M01 | G1: 2020-M02 | H1: 2020-M03 | I1: 2020-M04 | J1: 2020-M05 | K1: 2020-M06 | L1: 2020-M07 | M1: 2020-M08 | N1: 2020-M09 | O1: 2020-M10 | P1: 2020-M11 | Q1: 2020-M12 | R1: 2021-M01 | S1: 2021-M02 | T1: 2021-M03 | U1: 2021-M04 | V1: 2021-M05 | W1: 2021-M06 | X1: 2021-M07 | Y1: 2021-M08 | Z1: 2021-M09 | AA1: 2021-M10 | AB1: 2021-M11 | AC1: 2021-M12 | AD1: 2022-M01 | AE1: 2022-M02 | AF1: 2022-M03 | AG1: 2022-M04 | AH1: 2022-M05 | AI1: 2022-M06 | AJ1: 2022-M07 | AK1: 2022-M08 | AL1: 2022-M09 | AM1: 2022-M10 | AN1: 2022-M11 | AO1: 2022-M12 | AP1: 2023-M01 | AQ1: 2023-M02 | AR1: 2023-M03 | AS1: 2023-M04 | AT1: 2023-M05 | AU1: 2023-M06 | AV1: 2023-M07 | AW1: 2023-M08 | AX1: 2023-M09 | AY1: 2023-M10 | AZ1: 2023-M11 | BA1: 2023-M12 | BB1: 2024-M01 | BC1: 2024-M02 | BD1: 2024-M03 | BE1: 2024-M04 | BF1: 2024-M05 | BG1: 2024-M06 | BH1: 2024-M07 | BI1: 2024-M08 | BJ1: 2024-M09 | BK1: 2024-M10 | BL1: 2024-M11 | BM1: 2024-M12 | BN1: 2025-M01 | BO1: 2025-M02 | BP1: 2025-M03 | BQ1: 2025-M04 | BR1: 2025-M05 | BS1: 2025-M06 | BT1: 2025-M07 | BU1: 2025-M08 | BV1: 2025-M09 | BW1: 2025-M10 | BX1: 2025-M11 | BY1: 2025-M12 | BZ1: 2026-M01 | CA1: 2026-M02 | CB1: 2026-M03 | CC1: 2026-M04 | CD1: 2026-M05
A2: 1700 | B2: O‘zbekiston Respublikasi | C2: Республика Узбекистан | D2: Republic of Uzbekistan | E2: Ўзбекистон Республикаси | F2: 107.5 | G2: 108.5 | H2: 100.5 | I2: 92.7 | J2: 90.5 | K2: 94.9 | L2: 93.2 | M2: 94.4 | N2: 97.2 | O2: 100.5 | P2: 101.4 | Q2: 106.2 | R2: 109.7 | S2: 107.3 | T2: 109 | U2: 106.2 | V2: 111.7 | W2: 109.3 | X2: 110.2 | Y2: 110.9 | Z2: 111.1 | AA2: 112.2 | AB2: 113.8 | AC2: 128.5 | AD2: 111.4 | AE2: 112.4 | AF2: 114.5 | AG2: 119 | AH2: 118.6 | AI2: 122.8 | AJ2: 120 | AK2: 119.1 | AL2: 118.4 | AM2: 126 | AN2: 126.9 | AO2: 126.8 | AP2: 103.3 | AQ2: 106.9 | AR2: 108.8 | AS2: 107.5 | AT2: 110.9 | AU2: 108.8 | AV2: 110.5 | AW2: 111.2 | AX2: 112.2 | AY2: 112.5 | AZ2: 113 | BA2: 112.2 | BB2: 113.5 | BC2: 112.9 | BD2: 112.8 | BE2: 112.3 | BF2: 111.4 | BG2: 110.6 | BH2: 110.1 | BI2: 110.4 | BJ2: 110 | BK2: 110.6 | BL2: 111.1 | BM2: 111.4 | BN2: 110.6 | BO2: 112.3 | BP2: 110.7 | BQ2: 110.1 | BR2: 109.8 | BS2: 112.4 | BT2: 112.1 | BU2: 112.4 | BV2: 112.6 | BW2: 112.2 | BX2: 112.8 | BY2: 112.5 | BZ2: 115.6 | CA2: 116.5 | CB2: 110.9 | CC2: 112.7 | CD2: 115.4
A3: 1735 | B3: Qoraqalpog‘iston Respublikasi | C3: Республика Каракалпакстан | D3: Republic of Karakalpakstan | E3: Қорақалпоғистон Республикаси | F3: 92.2 | G3: 90.7 | H3: 92.5 | I3: 90.5 | J3: 88.3 | K3: 89.1 | L3: 86.9 | M3: 86.3 | N3: 89.8 | O3: 91.2 | P3: 91.8 | Q3: 98.1 | R3: 92.7 | S3: 84.6 | T3: 86.1 | U3: 86.5 | V3: 86.5 | W3: 88.1 | X3: 90 | Y3: 92.4 | Z3: 92.9 | AA3: 93.6 | AB3: 95.4 | AC3: 105.3 | AD3: 97.4 | AE3: 99.3 | AF3: 99.2 | AG3: 102 | AH3: 100.4 | AI3: 101.6 | AJ3: 103.4 | AK3: 103.6 | AL3: 104.3 | AM3: 106.3 | AN3: 104.2 | AO3: 106.2 | AP3: 88.9 | AQ3: 93 | AR3: 101.1 | AS3: 101.9 | AT3: 105.6 | AU3: 106.4 | AV3: 108.4 | AW3: 107.8 | AX3: 108.1 | AY3: 108.4 | AZ3: 108.5 | BA3: 108.4 | BB3: 109.8 | BC3: 109.5 | BD3: 118.4 | BE3: 113.2 | BF3: 111.9 | BG3: 111.5 | BH3: 113.7 | BI3: 113.2 | BJ3: 113.5 | BK3: 113.7 | BL3: 114.2 | BM3: 111.8 | BN3: 107.9 | BO3: 110.1 | BP3: 108.2 | BQ3: 107.7 | BR3: 107 | BS3: 107 | BT3: 105.4 | BU3: 105.8 | BV3: 106.6 | BW3: 105.9 | BX3: 106.4 | BY3: 109.1 | BZ3: 111.5 | CA3: 104.7 | CB3: 90.7 | CC3: 108.3 | CD3: 107.4
A4: 1703 | B4: Andijon viloyati | C4: Андижанская область | D4: Andijan region | E4: Aндижон вилояти | F4: 113.9 | G4: 120.6 | H4: 108 | I4: 99.6 | J4: 99.7 | K4: 100.6 | L4: 96 | M4: 96.5 | N4: 97.9 | O4: 142.4 | P4: 144.2 | Q4: 141.1 | R4: 110.9 | S4: 97.6 | T4: 95.5 | U4: 90.9 | V4: 96.8 | W4: 102.3 | X4: 98.3 | Y4: 99.3 | Z4: 97.9 | AA4: 94.4 | AB4: 96.7 | AC4: 109.8 | AD4: 83 | AE4: 85.6 | AF4: 86 | AG4: 97.1 | AH4: 92.7 | AI4: 91.8 | AJ4: 94.7 | AK4: 95.3 | AL4: 98.9 | AM4: 114.9 | AN4: 114.4 | AO4: 110 | AP4: 97.3 | AQ4: 97.9 | AR4: 102.5 | AS4: 101.3 | AT4: 106.4 | AU4: 106.6 | AV4: 106.7 | AW4: 107.1 | AX4: 107.4 | AY4: 107.8 | AZ4: 110.1 | BA4: 109.6 | BB4: 110.7 | BC4: 113.2 | BD4: 112.6 | BE4: 111.7 | BF4: 110 | BG4: 108.5 | BH4: 109.6 | BI4: 110.3 | BJ4: 109.1 | BK4: 110.6 | BL4: 110.2 | BM4: 109.3 | BN4: 109.7 | BO4: 110.8 | BP4: 108.2 | BQ4: 107.2 | BR4: 106.1 | BS4: 106.4 | BT4: 107.7 | BU4: 107.9 | BV4: 107.5 | BW4: 106.8 | BX4: 108.4 | BY4: 107.2 | BZ4: 114.5 | CA4: 119.3 | CB4: 113.5 | CC4: 116.7 | CD4: 115.6
A5: 1706 | B5: Buxoro viloyati | C5: Бухарская область | D5: Bukhara region | E5: Бухоро вилояти | F5: 85.7 | G5: 90.3 | H5: 93.9 | I5: 87.8 | J5: 84.8 | K5: 82.3 | L5: 76.8 | M5: 77.9 | N5: 80.5 | O5: 78 | P5: 80.2 | Q5: 101.3 | R5: 127.3 | S5: 129.8 | T5: 109.4 | U5: 116.4 | V5: 145 | W5: 132.6 | X5: 130.3 | Y5: 129.1 | Z5: 126.3 | AA5: 133.8 | AB5: 137.3 | AC5: 136 | AD5: 107.5 | AE5: 115.9 | AF5: 137.8 | AG5: 156.1 | AH5: 151.6 | AI5: 172.4 | AJ5: 160.4 | AK5: 149.3 | AL5: 141.5 | AM5: 145.5 | AN5: 143.6 | AO5: 150.9 | AP5: 107.6 | AQ5: 111.7 | AR5: 105.6 | AS5: 103.4 | AT5: 107.4 | AU5: 94 | AV5: 100.8 | AW5: 104.1 | AX5: 106.4 | AY5: 106.7 | AZ5: 107.5 | BA5: 107.5 | BB5: 108.9 | BC5: 103.5 | BD5: 116.3 | BE5: 113.8 | BF5: 108.9 | BG5: 108.2 | BH5: 105.9 | BI5: 104.5 | BJ5: 106.1 | BK5: 103.1 | BL5: 106.9 | BM5: 106.5 | BN5: 111.1 | BO5: 114.5 | BP5: 117.1 | BQ5: 114.3 | BR5: 112.5 | BS5: 114.4 | BT5: 113.6 | BU5: 113.3 | BV5: 113.8 | BW5: 113 | BX5: 113.4 | BY5: 111.8 | BZ5: 123.1 | CA5: 128.1 | CB5: 105.7 | CC5: 110.5 | CD5: 110.3
A6: 1708 | B6: Jizzax viloyati | C6: Джизакская область | D6: Jizzakh region | E6: Жиззах вилояти | F6: 97.4 | G6: 94.7 | H6: 86.8 | I6: 81.5 | J6: 78.4 | K6: 77 | L6: 67.8 | M6: 70.6 | N6: 73.7 | O6: 73.3 | P6: 75.5 | Q6: 83.7 | R6: 92.7 | S6: 86.9 | T6: 88.1 | U6: 91.8 | V6: 94.7 | W6: 102.1 | X6: 103.1 | Y6: 103.5 | Z6: 106 | AA6: 108.5 | AB6: 107.9 | AC6: 90.7 | AD6: 110.7 | AE6: 104.4 | AF6: 105.9 | AG6: 108.3 | AH6: 109.5 | AI6: 105.1 | AJ6: 105.7 | AK6: 107.9 | AL6: 107.4 | AM6: 111.4 | AN6: 108.3 | AO6: 109.2 | AP6: 95.9 | AQ6: 98.4 | AR6: 100.3 | AS6: 101 | AT6: 99.6 | AU6: 101 | AV6: 102.5 | AW6: 103.1 | AX6: 104.7 | AY6: 104.9 | AZ6: 107.2 | BA6: 106.6 | BB6: 104 | BC6: 104.5 | BD6: 103 | BE6: 103.4 | BF6: 106.2 | BG6: 197.3 | BH6: 153.3 | BI6: 154.6 | BJ6: 144.3 | BK6: 153.2 | BL6: 146.2 | BM6: 147.2 | BN6: 118.7 | BO6: 116.1 | BP6: 111.6 | BQ6: 111 | BR6: 130.6 | BS6: 132.2 | BT6: 142.2 | BU6: 145.2 | BV6: 105.7 | BW6: 107.1 | BX6: 105.8 | BY6: 106.7 | BZ6: 110 | CA6: 125.3 | CB6: 216.5 | CC6: 114.6 | CD6: 106.6
A7: 1710 | B7: Qashqadaryo viloyati | C7: Кашкадарьинская область | D7: Kashkadarya region | E7: Қашқадарё вилояти | F7: 94.5 | G7: 85.3 | H7: 75 | I7: 71.2 | J7: 68.6 | K7: 71.8 | L7: 69.2 | M7: 73.3 | N7: 75 | O7: 84 | P7: 86.3 | Q7: 86.1 | R7: 104.7 | S7: 110.4 | T7: 102.2 | U7: 102.4 | V7: 102.3 | W7: 100.1 | X7: 102.6 | Y7: 106.3 | Z7: 106.5 | AA7: 106.8 | AB7: 106.7 | AC7: 111.8 | AD7: 101.3 | AE7: 97.2 | AF7: 97.2 | AG7: 97.8 | AH7: 100.2 | AI7: 105.3 | AJ7: 107.6 | AK7: 108.4 | AL7: 108.2 | AM7: 112.6 | AN7: 111.9 | AO7: 115 | AP7: 92.1 | AQ7: 99.3 | AR7: 102.3 | AS7: 102.6 | AT7: 106.9 | AU7: 105.7 | AV7: 105.1 | AW7: 104.2 | AX7: 106.2 | AY7: 106.1 | AZ7: 106.9 | BA7: 107 | BB7: 103.9 | BC7: 109.9 | BD7: 108.7 | BE7: 109.4 | BF7: 109.3 | BG7: 107.4 | BH7: 106.3 | BI7: 107 | BJ7: 105.7 | BK7: 108 | BL7: 108.4 | BM7: 110 | BN7: 107 | BO7: 108.5 | BP7: 105.9 | BQ7: 105.6 | BR7: 105.8 | BS7: 109.8 | BT7: 109.6 | BU7: 108.3 | BV7: 109.5 | BW7: 107.6 | BX7: 108.6 | BY7: 107.1 | BZ7: 114.9 | CA7: 127.7 | CB7: 172.2 | CC7: 118.9 | CD7: 118.6
A8: 1712 | B8: Navoiy viloyati | C8: Навоийская область | D8: Navoi region | E8: Навоий вилояти | F8: 70.9 | G8: 70.1 | H8: 67 | I8: 64.8 | J8: 69.1 | K8: 61.4 | L8: 60.5 | M8: 61.2 | N8: 65.2 | O8: 67.8 | P8: 70.8 | Q8: 72.8 | R8: 97.7 | S8: 85.3 | T8: 79.6 | U8: 80.5 | V8: 85.6 | W8: 86 | X8: 87.1 | Y8: 90.8 | Z8: 94.8 | AA8: 95.8 | AB8: 96.9 | AC8: 107.7 | AD8: 105.4 | AE8: 105.8 | AF8: 108.2 | AG8: 111.7 | AH8: 109.9 | AI8: 112.8 | AJ8: 115.4 | AK8: 115.8 | AL8: 115.6 | AM8: 126.3 | AN8: 127.3 | AO8: 128 | AP8: 82 | AQ8: 104.1 | AR8: 105.2 | AS8: 101.7 | AT8: 108.1 | AU8: 106.4 | AV8: 104.6 | AW8: 105.1 | AX8: 106.2 | AY8: 104.3 | AZ8: 101 | BA8: 103.2 | BB8: 110.4 | BC8: 110.9 | BD8: 108.4 | BE8: 110.8 | BF8: 109.9 | BG8: 109.2 | BH8: 110.3 | BI8: 110.9 | BJ8: 108.2 | BK8: 107.6 | BL8: 107.2 | BM8: 106.3 | BN8: 119.6 | BO8: 115.3 | BP8: 112.4 | BQ8: 112.1 | BR8: 109.9 | BS8: 114.7 | BT8: 113.3 | BU8: 110.8 | BV8: 110.7 | BW8: 110.2 | BX8: 109.2 | BY8: 108.3 | BZ8: 112.2 | CA8: 106.2 | CB8: 74.1 | CC8: 119.3 | CD8: 119.7
A9: 1714 | B9: Namangan viloyati | C9: Наманганская область | D9: Namangan region | E9: Наманган вилояти | F9: 96.1 | G9: 109.1 | H9: 78.3 | I9: 74.5 | J9: 83 | K9: 89.7 | L9: 101.8 | M9: 96.8 | N9: 96.2 | O9: 102.2 | P9: 101.9 | Q9: 107.2 | R9: 112.8 | S9: 88.8 | T9: 102.3 | U9: 104.2 | V9: 105.8 | W9: 108.7 | X9: 108.2 | Y9: 109.7 | Z9: 108.7 | AA9: 117.7 | AB9: 117.5 | AC9: 127.6 | AD9: 112 | AE9: 115.2 | AF9: 111.3 | AG9: 117.9 | AH9: 122.4 | AI9: 123.2 | AJ9: 120.6 | AK9: 122.7 | AL9: 125 | AM9: 128.8 | AN9: 127.6 | AO9: 127.2 | AP9: 104.1 | AQ9: 108.4 | AR9: 113.9 | AS9: 104.9 | AT9: 108 | AU9: 108.5 | AV9: 108.9 | AW9: 109.3 | AX9: 109.8 | AY9: 110.4 | AZ9: 110.3 | BA9: 112 | BB9: 112.9 | BC9: 114.4 | BD9: 109.3 | BE9: 112.5 | BF9: 110.3 | BG9: 110.9 | BH9: 111.6 | BI9: 111.6 | BJ9: 111.2 | BK9: 111.3 | BL9: 112.7 | BM9: 108.9 | BN9: 109.4 | BO9: 113.6 | BP9: 114.5 | BQ9: 112.2 | BR9: 112.2 | BS9: 114.9 | BT9: 114.7 | BU9: 114.7 | BV9: 115.6 | BW9: 113.7 | BX9: 113.4 | BY9: 111.6 | BZ9: 116.5 | CA9: 127.2 | CB9: 121.2 | CC9: 105.6 | CD9: 106.6
A10: 1718 | B10: Samarqand viloyati | C10: Самаркандская область | D10: Samarkand region | E10: Самарқанд вилояти | F10: 100.1 | G10: 101.9 | H10: 94.8 | I10: 89.6 | J10: 92.7 | K10: 94 | L10: 93.2 | M10: 97.9 | N10: 98.5 | O10: 100.6 | P10: 102.8 | Q10: 102.2 | R10: 100.2 | S10: 96.4 | T10: 105.4 | U10: 98.1 | V10: 93.2 | W10: 91.3 | X10: 92.7 | Y10: 92.9 | Z10: 102 | AA10: 109.6 | AB10: 110 | AC10: 124.1 | AD10: 99.8 | AE10: 100.8 | AF10: 96 | AG10: 101.6 | AH10: 104.7 | AI10: 109.1 | AJ10: 111.4 | AK10: 109.7 | AL10: 109.6 | AM10: 112.6 | AN10: 113.1 | AO10: 115 | AP10: 113.4 | AQ10: 119.4 | AR10: 119.7 | AS10: 115 | AT10: 113.7 | AU10: 109.9 | AV10: 113.2 | AW10: 115 | AX10: 116.7 | AY10: 118 | AZ10: 119 | BA10: 119.6 | BB10: 125 | BC10: 121.9 | BD10: 122.2 | BE10: 125.5 | BF10: 124.8 | BG10: 122.7 | BH10: 124.4 | BI10: 123.7 | BJ10: 121.9 | BK10: 120.7 | BL10: 118.3 | BM10: 115.2 | BN10: 116.1 | BO10: 116.6 | BP10: 112.5 | BQ10: 109 | BR10: 108.4 | BS10: 113.5 | BT10: 114.7 | BU10: 114.9 | BV10: 115.5 | BW10: 114.6 | BX10: 114.8 | BY10: 113.8 | BZ10: 121.7 | CA10: 123.8 | CB10: 122.8 | CC10: 116.1 | CD10: 112.4
A11: 1722 | B11: Surxondaryo viloyati | C11: Сурхандарьинская область | D11: Surkhandarya region | E11: Сурхондарё вилояти | F11: 104.9 | G11: 113.2 | H11: 105.3 | I11: 97.6 | J11: 96.9 | K11: 100.6 | L11: 93.4 | M11: 92.7 | N11: 93 | O11: 101.2 | P11: 100.7 | Q11: 103.9 | R11: 99.6 | S11: 83.8 | T11: 83.7 | U11: 85.1 | V11: 81 | W11: 83.1 | X11: 86.3 | Y11: 94.2 | Z11: 94.5 | AA11: 94 | AB11: 96.6 | AC11: 93.5 | AD11: 111.5 | AE11: 105 | AF11: 107.1 | AG11: 110.4 | AH11: 116.9 | AI11: 123.9 | AJ11: 122.9 | AK11: 117.6 | AL11: 120.1 | AM11: 127.7 | AN11: 126.3 | AO11: 130.5 | AP11: 91.3 | AQ11: 98.2 | AR11: 103.7 | AS11: 101.4 | AT11: 101.2 | AU11: 101 | AV11: 101.3 | AW11: 102.4 | AX11: 101.2 | AY11: 103.9 | AZ11: 104.7 | BA11: 105.6 | BB11: 104.2 | BC11: 109.2 | BD11: 106.4 | BE11: 108.8 | BF11: 108.5 | BG11: 107 | BH11: 105.5 | BI11: 106.5 | BJ11: 108.8 | BK11: 107.1 | BL11: 107.5 | BM11: 105.9 | BN11: 106.9 | BO11: 109.4 | BP11: 107.6 | BQ11: 105.7 | BR11: 105.9 | BS11: 112.4 | BT11: 110.6 | BU11: 109.9 | BV11: 110.1 | BW11: 109.2 | BX11: 109.6 | BY11: 105 | BZ11: 111.8 | CA11: 111.4 | CB11: 88 | CC11: 107.5 | CD11: 109
A12: 1724 | B12: Sirdaryo viloyati | C12: Сырдарьинская область | D12: Syrdarya region | E12: Сирдарё вилояти | F12: 107.9 | G12: 95.8 | H12: 83 | I12: 78.3 | J12: 71.7 | K12: 79.8 | L12: 75.7 | M12: 80.4 | N12: 83.6 | O12: 84.1 | P12: 86.4 | Q12: 83.6 | R12: 87.4 | S12: 88.7 | T12: 92.6 | U12: 92.4 | V12: 95.5 | W12: 96 | X12: 97.2 | Y12: 98.8 | Z12: 99.9 | AA12: 102.5 | AB12: 104.6 | AC12: 103.6 | AD12: 99.1 | AE12: 102.7 | AF12: 103 | AG12: 102 | AH12: 101.7 | AI12: 102.7 | AJ12: 104.6 | AK12: 104.1 | AL12: 104.3 | AM12: 111.3 | AN12: 115.5 | AO12: 114.5 | AP12: 74.8 | AQ12: 92.1 | AR12: 101.6 | AS12: 102.6 | AT12: 105.8 | AU12: 105.9 | AV12: 107.1 | AW12: 108.1 | AX12: 109.4 | AY12: 108.6 | AZ12: 106.3 | BA12: 106.7 | BB12: 110.9 | BC12: 107.8 | BD12: 107.4 | BE12: 107.2 | BF12: 105.3 | BG12: 104.2 | BH12: 105.4 | BI12: 106.4 | BJ12: 106.3 | BK12: 107.4 | BL12: 107.8 | BM12: 109.2 | BN12: 108 | BO12: 117.6 | BP12: 113 | BQ12: 112.3 | BR12: 111.9 | BS12: 113.2 | BT12: 113.5 | BU12: 113 | BV12: 113.9 | BW12: 113.5 | BX12: 112.5 | BY12: 111.6 | BZ12: 110.1 | CA12: 106.1 | CB12: 86 | CC12: 106.8 | CD12: 107.4
A13: 1727 | B13: Toshkent viloyati | C13: Ташкентская область | D13: Tashkent region | E13: Тошкент вилояти | F13: 118 | G13: 111.3 | H13: 98.9 | I13: 90.1 | J13: 88 | K13: 89.1 | L13: 84.3 | M13: 83 | N13: 85.7 | O13: 85.4 | P13: 86.7 | Q13: 90.7 | R13: 71.1 | S13: 71.7 | T13: 79.9 | U13: 82.8 | V13: 86.4 | W13: 90.2 | X13: 93.7 | Y13: 97 | Z13: 103.4 | AA13: 104.5 | AB13: 108.5 | AC13: 116.9 | AD13: 101.4 | AE13: 104.2 | AF13: 103.8 | AG13: 110.5 | AH13: 111.7 | AI13: 115.2 | AJ13: 113.6 | AK13: 113.6 | AL13: 112.4 | AM13: 120.4 | AN13: 119.3 | AO13: 120.8 | AP13: 132.1 | AQ13: 135.3 | AR13: 125.1 | AS13: 115 | AT13: 109.7 | AU13: 107.3 | AV13: 106.1 | AW13: 105.8 | AX13: 106.4 | AY13: 107.3 | AZ13: 107.4 | BA13: 105.7 | BB13: 104 | BC13: 106.8 | BD13: 107.7 | BE13: 110.9 | BF13: 112.9 | BG13: 111.6 | BH13: 113.7 | BI13: 113.5 | BJ13: 113.2 | BK13: 114.1 | BL13: 114.9 | BM13: 116.3 | BN13: 114.4 | BO13: 116.1 | BP13: 114.3 | BQ13: 112 | BR13: 112 | BS13: 114.5 | BT13: 111.9 | BU13: 113.2 | BV13: 113.2 | BW13: 113.5 | BX13: 112.9 | BY13: 113.7 | BZ13: 116.2 | CA13: 114.3 | CB13: 125.4 | CC13: 114.3 | CD13: 107.7
... A16: 1726 | B16: Toshkent shahri | C16: город Ташкент | D16: Tashkent city | E16: Тошкент шаҳри | F16: 111.3 | G16: 114 | H16: 109.4 | I16: 97.9 | J16: 94.5 | K16: 101.9 | L16: 101.2 | M16: 102.3 | N16: 105.4 | O16: 107.4 | P16: 107.6 | Q16: 112.2 | R16: 120.7 | S16: 121.1 | T16: 121.9 | U16: 115.3 | V16: 123 | W16: 117.4 | X16: 117.9 | Y16: 117.4 | Z16: 115.4 | AA16: 116.3 | AB16: 116.9 | AC16: 136.5 | AD16: 118 | AE16: 118.4 | AF16: 121.5 | AG16: 124.9 | AH16: 123.2 | AI16: 127.1 | AJ16: 123.1 | AK16: 122.3 | AL16: 121.6 | AM16: 129.8 | AN16: 131.4 | AO16: 129.7 | AP16: 100.6 | AQ16: 103 | AR16: 106.3 | AS16: 106.4 | AT16: 112 | AU16: 110.4 | AV16: 112.5 | AW16: 113.1 | AX16: 114.4 | AY16: 114.6 | AZ16: 114.9 | BA16: 113.7 | BB16: 116 | BC16: 114.1 | BD16: 112.3 | BE16: 111.7 | BF16: 110.6 | BG16: 109.1 | BH16: 107.4 | BI16: 108 | BJ16: 107.6 | BK16: 108.4 | BL16: 109 | BM16: 109.9 | BN16: 108.3 | BO16: 110.4 | BP16: 109.3 | BQ16: 109.1 | BR16: 108.6 | BS16: 111.2 | BT16: 111.1 | BU16: 111.4 | BV16: 112.5 | BW16: 112 | BX16: 113.2 | BY16: 113 | BZ16: 114.8 | CA16: 113.2 | CB16: 98.5 | CC16: 110.7 | CD16: 118.4

Sheet Oylik hajm(Respublika)
A1: Code | B1: Klassifikator | C1: Klassifikator_ru | D1: Klassifikator_en | E1: Klassifikator_uzc | F1: 2023-M01 | G1: 2023-M02 | H1: 2023-M03 | I1: 2023-M04 | J1: 2023-M05 | K1: 2023-M06 | L1: 2023-M07 | M1: 2023-M08 | N1: 2023-M09 | O1: 2023-M10 | P1: 2023-M11 | Q1: 2023-M12 | R1: 2024-M01 | S1: 2024-M02 | T1: 2024-M03 | U1: 2024-M04 | V1: 2024-M05 | W1: 2024-M06 | X1: 2024-M07 | Y1: 2024-M08 | Z1: 2024-M09 | AA1: 2024-M10 | AB1: 2024-M11 | AC1: 2024-M12 | AD1: 2025-M01 | AE1: 2025-M02 | AF1: 2025-M03 | AG1: 2025-M04 | AH1: 2025-M05 | AI1: 2025-M06 | AJ1: 2025-M07 | AK1: 2025-M08 | AL1: 2025-M09 | AM1: 2025-M10 | AN1: 2025-M11 | AO1: 2025-M12 | AP1: 2026-M01 | AQ1: 2026-M02 | AR1: 2026-M03 | AS1: 2026-M04 | AT1: 2026-M05
A2: 1700 | B2: O‘zbekiston Respublikasi | C2: Республика Узбекистан | D2: Republic of Uzbekistan | E2: Ўзбекистон Республикаси | F2: 10646603 | G2: 24643401 | H2: 41990006 | I2: 61199900 | J2: 98063927 | K2: 1.22459e+08 | L2: 1.4360487e+08 | M2: 1.6968658e+08 | N2: 241588387 | O2: 2.7611018e+08 | P2: 2.587645e+08 | Q2: 3.2044314e+08 | R2: 26491387 | S2: 53637163 | T2: 84826000 | U2: 1.1764894e+08 | V2: 1.5492215e+08 | W2: 1.4701356e+08 | X2: 216051626 | Y2: 2.534395e+08 | Z2: 2.9068056e+08 | AA2: 3.3163244e+08 | AB2: 3.7152217e+08 | AC2: 4.5534322e+08 | AD2: 30683176 | AE2: 63177648 | AF2: 98594148 | AG2: 1.3609825e+08 | AH2: 1.7204449e+08 | AI2: 220639389 | AJ2: 2.5603326e+08 | AK2: 301502949 | AL2: 3.4659733e+08 | AM2: 3.9386571e+08 | AN2: 4.4342586e+08 | AO2: 5.4326295e+08 | AP2: 35382532 | AQ2: 73683007 | AR2: 1.0985744e+08 | AS2: 1.558755e+08 | AT2: 2.0936116e+08

Sheet Oylik indeks(Respublika)
A1: Code | B1: Klassifikator | C1: Klassifikator_ru | D1: Klassifikator_en | E1: Klassifikator_uzc | F1: 2023-M01 | G1: 2023-M02 | H1: 2023-M03 | I1: 2023-M04 | J1: 2023-M05 | K1: 2023-M06 | L1: 2023-M07 | M1: 2023-M08 | N1: 2023-M09 | O1: 2023-M10 | P1: 2023-M11 | Q1: 2023-M12 | R1: 2024-M01 | S1: 2024-M02 | T1: 2024-M03 | U1: 2024-M04 | V1: 2024-M05 | W1: 2024-M06 | X1: 2024-M07 | Y1: 2024-M08 | Z1: 2024-M09 | AA1: 2024-M10 | AB1: 2024-M11 | AC1: 2024-M12 | AD1: 2025-M01 | AE1: 2025-M02 | AF1: 2025-M03 | AG1: 2025-M04 | AH1: 2025-M05 | AI1: 2025-M06 | AJ1: 2025-M07 | AK1: 2025-M08 | AL1: 2025-M09 | AM1: 2025-M10 | AN1: 2025-M11 | AO1: 2025-M12 | AP1: 2026-M01 | AQ1: 2026-M02 | AR1: 2026-M03 | AS1: 2026-M04 | AT1: 2026-M05
A2: 1700 | B2: O‘zbekiston Respublikasi | C2: Республика Узбекистан | D2: Republic of Uzbekistan | E2: Ўзбекистон Республикаси | F2: 103.3 | G2: 106.9 | H2: 108.8 | I2: 107.5 | J2: 110.9 | K2: 108.8 | L2: 110.5 | M2: 111.2 | N2: 112.2 | O2: 112.5 | P2: 113 | Q2: 112.2 | R2: 113.5 | S2: 112.9 | T2: 112.8 | U2: 112.3 | V2: 111.4 | W2: 110.6 | X2: 110.1 | Y2: 110.4 | Z2: 110 | AA2: 110.6 | AB2: 111.1 | AC2: 111.4 | AD2: 110.6 | AE2: 112.3 | AF2: 110.7 | AG2: 110.1 | AH2: 109.8 | AI2: 112.4 | AJ2: 112.1 | AK2: 112.4 | AL2: 112.6 | AM2: 112.2 | AN2: 112.8 | AO2: 112.5 | AP2: 115.6 | AQ2: 116.5 | AR2: 110.9 | AS2: 112.7 | AT2: 115.4

Sheet Tahlil(Yillik hajm)
A1: Ulgurchi savdo - tahlil
A3: Year | B3: Nominal Volume | C3: Nominal o'sish % | D3: Real o'sish %
A4: 2010 | B4: =INDEX('Yillik hajm'!$F$2:$T$2, MATCH(TEXT(A4,"0"), 'Yillik hajm'!$F$1:$T$1, 0)) -> 11774100 | D4: =(INDEX('Yillik indeks'!$F$2:$T$2, MATCH(TEXT(A4,"0"), 'Yillik indeks'!$F$1:$T$1, 0))-100) -> 25.6
A5: 2011 | B5: =INDEX('Yillik hajm'!$F$2:$T$2, MATCH(TEXT(A5,"0"), 'Yillik hajm'!$F$1:$T$1, 0)) -> 15476700 | C5: =(B5/B4-1)*100 -> 31.44699 | D5: =(INDEX('Yillik indeks'!$F$2:$T$2, MATCH(TEXT(A5,"0"), 'Yillik indeks'!$F$1:$T$1, 0))-100) -> 14.6
A6: 2012 | B6: =INDEX('Yillik hajm'!$F$2:$T$2, MATCH(TEXT(A6,"0"), 'Yillik hajm'!$F$1:$T$1, 0)) -> 18018800 | C6: =(B6/B5-1)*100 -> 16.425336 | D6: =(INDEX('Yillik indeks'!$F$2:$T$2, MATCH(TEXT(A6,"0"), 'Yillik indeks'!$F$1:$T$1, 0))-100) -> 15.4
A7: 2013 | B7: =INDEX('Yillik hajm'!$F$2:$T$2, MATCH(TEXT(A7,"0"), 'Yillik hajm'!$F$1:$T$1, 0)) -> 22001677 | C7: =(B7/B6-1)*100 -> 22.104009 | D7: =(INDEX('Yillik indeks'!$F$2:$T$2, MATCH(TEXT(A7,"0"), 'Yillik indeks'!$F$1:$T$1, 0))-100) -> 9.1
A8: 2014 | B8: =INDEX('Yillik hajm'!$F$2:$T$2, MATCH(TEXT(A8,"0"), 'Yillik hajm'!$F$1:$T$1, 0)) -> 25512624 | C8: =(B8/B7-1)*100 -> 15.957633 | D8: =(INDEX('Yillik indeks'!$F$2:$T$2, MATCH(TEXT(A8,"0"), 'Yillik indeks'!$F$1:$T$1, 0))-100) -> 10.1
A9: 2015 | B9: =INDEX('Yillik hajm'!$F$2:$T$2, MATCH(TEXT(A9,"0"), 'Yillik hajm'!$F$1:$T$1, 0)) -> 29156202 | C9: =(B9/B8-1)*100 -> 14.28147 | D9: =(INDEX('Yillik indeks'!$F$2:$T$2, MATCH(TEXT(A9,"0"), 'Yillik indeks'!$F$1:$T$1, 0))-100) -> 7.4
A10: 2016 | B10: =INDEX('Yillik hajm'!$F$2:$T$2, MATCH(TEXT(A10,"0"), 'Yillik hajm'!$F$1:$T$1, 0)) -> 35396463 | C10: =(B10/B9-1)*100 -> 21.40286 | D10: =(INDEX('Yillik indeks'!$F$2:$T$2, MATCH(TEXT(A10,"0"), 'Yillik indeks'!$F$1:$T$1, 0))-100) -> 12.3
A11: 2017 | B11: =INDEX('Yillik hajm'!$F$2:$T$2, MATCH(TEXT(A11,"0"), 'Yillik hajm'!$F$1:$T$1, 0)) -> 38799693 | C11: =(B11/B10-1)*100 -> 9.614605 | D11: =(INDEX('Yillik indeks'!$F$2:$T$2, MATCH(TEXT(A11,"0"), 'Yillik indeks'!$F$1:$T$1, 0))-100) -> -6
A12: 2018 | B12: =INDEX('Yillik hajm'!$F$2:$T$2, MATCH(TEXT(A12,"0"), 'Yillik hajm'!$F$1:$T$1, 0)) -> 57481980 | C12: =(B12/B11-1)*100 -> 48.150603 | D12: =(INDEX('Yillik indeks'!$F$2:$T$2, MATCH(TEXT(A12,"0"), 'Yillik indeks'!$F$1:$T$1, 0))-100) -> 24.7
A13: 2019 | B13: =INDEX('Yillik hajm'!$F$2:$T$2, MATCH(TEXT(A13,"0"), 'Yillik hajm'!$F$1:$T$1, 0)) -> 86538274 | C13: =(B13/B12-1)*100 -> 50.548527 | D13: =(INDEX('Yillik indeks'!$F$2:$T$2, MATCH(TEXT(A13,"0"), 'Yillik indeks'!$F$1:$T$1, 0))-100) -> 31.7
A14: 2020 | B14: =INDEX('Yillik hajm'!$F$2:$T$2, MATCH(TEXT(A14,"0"), 'Yillik hajm'!$F$1:$T$1, 0)) -> 1.2874174e+08 | C14: =(B14/B13-1)*100 -> 48.768551 | D14: =(INDEX('Yillik indeks'!$F$2:$T$2, MATCH(TEXT(A14,"0"), 'Yillik indeks'!$F$1:$T$1, 0))-100) -> 30.9
A15: 2021 | B15: =INDEX('Yillik hajm'!$F$2:$T$2, MATCH(TEXT(A15,"0"), 'Yillik hajm'!$F$1:$T$1, 0)) -> 1.8311228e+08 | C15: =(B15/B14-1)*100 -> 42.232261 | D15: =(INDEX('Yillik indeks'!$F$2:$T$2, MATCH(TEXT(A15,"0"), 'Yillik indeks'!$F$1:$T$1, 0))-100) -> 27.4
A16: 2022 | B16: =INDEX('Yillik hajm'!$F$2:$T$2, MATCH(TEXT(A16,"0"), 'Yillik hajm'!$F$1:$T$1, 0)) -> 2.5844405e+08 | C16: =(B16/B15-1)*100 -> 41.139656 | D16: =(INDEX('Yillik indeks'!$F$2:$T$2, MATCH(TEXT(A16,"0"), 'Yillik indeks'!$F$1:$T$1, 0))-100) -> 25.1
... A18: 2024 | B18: =INDEX('Yillik hajm'!$F$2:$T$2, MATCH(TEXT(A18,"0"), 'Yillik hajm'!$F$1:$T$1, 0)) -> 456623261 | C18: =(B18/B17-1)*100 -> 18.42138 | D18: =(INDEX('Yillik indeks'!$F$2:$T$2, MATCH(TEXT(A18,"0"), 'Yillik indeks'!$F$1:$T$1, 0))-100) -> 11.8
A21: 2024-yil mintaqalar reytingi | F21: Eng tez o'sgan mintaqalar (2024, real o'sish) | J21: Asosiy ko'rsatkichlar
A22: Mintaqa | B22: Hajm(mln so'm) | C22: Ulush % | D22: Real o'sish % | F22: T/r | G22: Mintaqa | H22: Real o'sish % | J22: 2024 yil jami hajm (mln so'm) | K22: ='Yillik hajm'!T2 -> 456623261
A23: ='Yillik hajm'!B16 -> Toshkent shahri | B23: ='Yillik hajm'!T16 -> 2.4575401e+08 | C23: =B23/'Yillik hajm'!$T$2*100 -> 53.819862 | D23: =INDEX('Yillik indeks'!$T$3:$T$16,MATCH(A23,'Yillik indeks'!$B$3:$B$16,0))-100 -> 9.3 | F23: 1 | G23: ='Yillik indeks'!B6 -> Jizzax viloyati | H23: ='Yillik indeks'!T6-100 -> 50.5 | J23: Nominal o'sish 2024 (YoY, %) | K23: =('Yillik hajm'!T2/'Yillik hajm'!S2-1)*100 -> 18.42138
A24: ='Yillik hajm'!B13 -> Toshkent viloyati | B24: ='Yillik hajm'!T13 -> 53394902 | C24: =B24/'Yillik hajm'!$T$2*100 -> 11.693426 | D24: =INDEX('Yillik indeks'!$T$3:$T$16,MATCH(A24,'Yillik indeks'!$B$3:$B$16,0))-100 -> 17.8 | F24: 2 | G24: ='Yillik indeks'!B13 -> Toshkent viloyati | H24: ='Yillik indeks'!T13-100 -> 17.8 | J24: Real o'sish 2024 (YoY, %) | K24: ='Yillik indeks'!T2-100 -> 11.8
A25: ='Yillik hajm'!B10 -> Samarqand viloyati | B25: ='Yillik hajm'!T10 -> 27742480 | C25: =B25/'Yillik hajm'!$T$2*100 -> 6.075573 | D25: =INDEX('Yillik indeks'!$T$3:$T$16,MATCH(A25,'Yillik indeks'!$B$3:$B$16,0))-100 -> 17.3 | F25: 3 | G25: ='Yillik indeks'!B10 -> Samarqand viloyati | H25: ='Yillik indeks'!T10-100 -> 17.3 | J25: CAGR 2010–2024 (nominal, %) | K25: =(('Yillik hajm'!T2/'Yillik hajm'!F2)^(1/14)-1)*100 -> 29.85946
A26: ='Yillik hajm'!B14 -> Farg‘ona viloyati | B26: ='Yillik hajm'!T14 -> 26686636 | C26: =B26/'Yillik hajm'!$T$2*100 -> 5.8443443 | D26: =INDEX('Yillik indeks'!$T$3:$T$16,MATCH(A26,'Yillik indeks'!$B$3:$B$16,0))-100 -> 14.4 | F26: 4 | G26: ='Yillik indeks'!B14 -> Farg‘ona viloyati | H26: ='Yillik indeks'!T14-100 -> 14.4 | J26: Toshkent shahri ulushi (%) | K26: ='Yillik hajm'!T16/'Yillik hajm'!T2*100 -> 53.819862
A27: ='Yillik hajm'!B9 -> Namangan viloyati | B27: ='Yillik hajm'!T9 -> 18952290 | C27: =B27/'Yillik hajm'!$T$2*100 -> 4.150531 | D27: =INDEX('Yillik indeks'!$T$3:$T$16,MATCH(A27,'Yillik indeks'!$B$3:$B$16,0))-100 -> 11.3 | F27: 5 | G27: ='Yillik indeks'!B15 -> Xorazm viloyati | H27: ='Yillik indeks'!T15-100 -> 13.8
A28: ='Yillik hajm'!B5 -> Buxoro viloyati | B28: ='Yillik hajm'!T5 -> 17819676 | C28: =B28/'Yillik hajm'!$T$2*100 -> 3.9024897 | D28: =INDEX('Yillik indeks'!$T$3:$T$16,MATCH(A28,'Yillik indeks'!$B$3:$B$16,0))-100 -> 5.3 | F28: 6 | G28: ='Yillik indeks'!B12 -> Sirdaryo viloyati | H28: ='Yillik indeks'!T12-100 -> 12
A29: ='Yillik hajm'!B4 -> Andijon viloyati | B29: ='Yillik hajm'!T4 -> 13235128 | C29: =B29/'Yillik hajm'!$T$2*100 -> 2.8984787 | D29: =INDEX('Yillik indeks'!$T$3:$T$16,MATCH(A29,'Yillik indeks'!$B$3:$B$16,0))-100 -> 8.6 | F29: 7 | G29: ='Yillik indeks'!B3 -> Qoraqalpog‘iston Respublikasi | H29: ='Yillik indeks'!T3-100 -> 11.8
A30: ='Yillik hajm'!B11 -> Surxondaryo viloyati | B30: ='Yillik hajm'!T11 -> 10689931 | C30: =B30/'Yillik hajm'!$T$2*100 -> 2.3410833 | D30: =INDEX('Yillik indeks'!$T$3:$T$16,MATCH(A30,'Yillik indeks'!$B$3:$B$16,0))-100 -> 3.2 | F30: 8 | G30: ='Yillik indeks'!B7 -> Qashqadaryo viloyati | H30: ='Yillik indeks'!T7-100 -> 11.3
A31: ='Yillik hajm'!B15 -> Xorazm viloyati | B31: ='Yillik hajm'!T15 -> 9265334.3 | C31: =B31/'Yillik hajm'!$T$2*100 -> 2.0290982 | D31: =INDEX('Yillik indeks'!$T$3:$T$16,MATCH(A31,'Yillik indeks'!$B$3:$B$16,0))-100 -> 13.8 | F31: 9 | G31: ='Yillik indeks'!B9 -> Namangan viloyati | H31: ='Yillik indeks'!T9-100 -> 11.3
A32: ='Yillik hajm'!B7 -> Qashqadaryo viloyati | B32: ='Yillik hajm'!T7 -> 8949146.7 | C32: =B32/'Yillik hajm'!$T$2*100 -> 1.9598534 | D32: =INDEX('Yillik indeks'!$T$3:$T$16,MATCH(A32,'Yillik indeks'!$B$3:$B$16,0))-100 -> 11.3 | F32: 10 | G32: ='Yillik indeks'!B16 -> Toshkent shahri | H32: ='Yillik indeks'!T16-100 -> 9.3
A33: ='Yillik hajm'!B12 -> Sirdaryo viloyati | B33: ='Yillik hajm'!T12 -> 6843396.1 | C33: =B33/'Yillik hajm'!$T$2*100 -> 1.4986963 | D33: =INDEX('Yillik indeks'!$T$3:$T$16,MATCH(A33,'Yillik indeks'!$B$3:$B$16,0))-100 -> 12 | F33: 11 | G33: ='Yillik indeks'!B4 -> Andijon viloyati | H33: ='Yillik indeks'!T4-100 -> 8.6
A34: ='Yillik hajm'!B3 -> Qoraqalpog‘iston Respublikasi | B34: ='Yillik hajm'!T3 -> 6757340.3 | C34: =B34/'Yillik hajm'!$T$2*100 -> 1.4798502 | D34: =INDEX('Yillik indeks'!$T$3:$T$16,MATCH(A34,'Yillik indeks'!$B$3:$B$16,0))-100 -> 11.8 | F34: 12 | G34: ='Yillik indeks'!B8 -> Navoiy viloyati | H34: ='Yillik indeks'!T8-100 -> 6.6
A35: ='Yillik hajm'!B6 -> Jizzax viloyati | B35: ='Yillik hajm'!T6 -> 5664338.5 | C35: =B35/'Yillik hajm'!$T$2*100 -> 1.240484 | D35: =INDEX('Yillik indeks'!$T$3:$T$16,MATCH(A35,'Yillik indeks'!$B$3:$B$16,0))-100 -> 50.5 | F35: 13 | G35: ='Yillik indeks'!B5 -> Buxoro viloyati | H35: ='Yillik indeks'!T5-100 -> 5.3
A36: ='Yillik hajm'!B8 -> Navoiy viloyati | B36: ='Yillik hajm'!T8 -> 4868652.9 | C36: =B36/'Yillik hajm'!$T$2*100 -> 1.0662297 | D36: =INDEX('Yillik indeks'!$T$3:$T$16,MATCH(A36,'Yillik indeks'!$B$3:$B$16,0))-100 -> 6.6 | F36: 14 | G36: ='Yillik indeks'!B11 -> Surxondaryo viloyati | H36: ='Yillik indeks'!T11-100 -> 3.2
A39: 2026 yil yanvar–may: real o'sish indeksi (Respublika, YTD)
A40: Oy | B40: 2025 | C40: 2026
A41: Yanvar | B41: ='Oylik indeks(Respublika)'!AD2 -> 110.6 | C41: ='Oylik indeks(Respublika)'!AP2 -> 115.6
A42: Fevral | B42: ='Oylik indeks(Respublika)'!AE2 -> 112.3 | C42: ='Oylik indeks(Respublika)'!AQ2 -> 116.5
A43: Mart | B43: ='Oylik indeks(Respublika)'!AF2 -> 110.7 | C43: ='Oylik indeks(Respublika)'!AR2 -> 110.9
A44: Aprel | B44: ='Oylik indeks(Respublika)'!AG2 -> 110.1 | C44: ='Oylik indeks(Respublika)'!AS2 -> 112.7
A45: May | B45: ='Oylik indeks(Respublika)'!AH2 -> 109.8 | C45: ='Oylik indeks(Respublika)'!AT2 -> 115.4
A47: ="2026-yil yanvar–may oylarida ulgurji savdo real hajmi o‘tgan yilning shu davriga nisbatan "&TEXT(C45-100,"0.0")&"% ga o‘sdi (2025-yil yanvar–mayda: "&TEXT(B45-100,"0.0")&"%)." -> 2026-yil yanvar–may oylarida ulgurji savdo real hajmi o‘tgan yilning shu davriga nisbatan 15.4% ga o‘sdi (2025-yil yanvar–mayda: 9.8%).
